Type,Name,Request Count,Failure Count,Median Response Time,Average Response Time,Min Response Time,Max Response Time,Average Content Size,Requests/s,Failures/s,50%,66%,75%,80%,90%,95%,98%,99%,99.9%,99.99%,100%
GET,/,20,0,100.0,106.71621269939351,95.12866700242739,126.95224999333732,3940.0,0.11642107172368328,0.0,100,110,120,120,130,130,130,130,130,130,130
POST,/api/pose_detection,117,2,350.0,594.0106474787234,47.13145800633356,13453.950208000606,2072.25641025641,0.6810632695835472,0.011642107172368328,350,380,410,430,500,610,860,13000,13000,13000,13000
POST,/api/pose_estimation_image,38,1,490.0,509.9274331055073,175.2817920059897,923.6608330102172,170242.18421052632,0.22120003627499824,0.005821053586184164,490,520,540,570,690,770,920,920,920,920,920
GET,/health,45,2,100.0,418.37417595444197,95.53541599598248,13238.168375013629,192.53333333333333,0.26194741137828736,0.011642107172368328,100,110,110,130,150,180,13000,13000,13000,13000,13000
GET,/metrics,14,1,99,1053.6374494289962,41.023666999535635,7687.517333004507,4114.928571428572,0.0814947502065783,0.005821053586184164,110,130,140,190,5800,7700,7700,7700,7700,7700,7700
,Aggregated,234,6,330.0,532.4298063118104,41.023666999535635,13453.950208000606,29302.264957264957,1.3621265391670945,0.03492632151710499,330,380,430,460,540,690,5800,13000,13000,13000,13000
